text	label
how much is an overdraft fee for bank	oos
why are exponents preformed before multiplication in the order of operations	oos
what size wipers does this car take	oos
where is the dipstick	oos
how much is 1 share of aapl	oos
how is glue made	oos
any headlines from my area	oos
what is the largest state in the us	oos
what is the current market trend	oos
what is the most popular airline	oos
what is the formula for the circumference of a circle	oos
what are some ways to reduce spending	oos
what time does the louvre open	oos
are there any local stations covering the moral march in raleigh in februaryu	oos
how many planets have we discovered	oos
how do i change my billing address	oos
how do i open an online line of credit	oos
how do i remove a coffee blemish	oos
how expensive is an apple share	oos
where can i find the cruise control on my kia sportage 2010	oos
how many sides are in a hexagon	oos
how fast does an airplane travel	oos
is it worth investing in target	oos
i need to speak to customer service regarding my flight	oos
how long do wire transfers take	oos
what are some deals on amazon	oos
what city is the super bowl	oos
what trees change color in autumn	oos
do people prefer summer over fall	oos
how long is winter	oos
what were some of ben franklin's notable accomplishments	oos
where was john denver born	oos
where did abraham lincoln live	oos
when was kobe bryant born	oos
who's toledo's starting point guard for the next game	oos
how many players are on the chicago bulls	oos
who is the coach of the chicago bulls	oos
when do the utah jazz play next	oos
what other nations were involved in the chinese trade war	oos
what years has korea been at war	oos
when was the theory of evolution first considered	oos
who formulated the theory of relativity	oos
what stage of evolution am i	oos
what other personality type is most compatible with infjs	oos
what does my personality mean	oos
what's the most dominant scale in bluegrass	oos
what year was saxaphone first played	oos
which piano is best for classical	oos
is k-12 education required outside of the united states	oos
what are the benefits of completing college	oos
are you able to answer algebra equations	oos
can you help me study for a history exam	oos
how many points per game is lebron james averaging this season	oos
what team does eli mannign play for	oos
get me dwight howard shooting average	oos
can you list me tiger wood's stats	oos
what's the runtime of all the lord of the rings movies combined	oos
which character is the most famous from titanic	oos
how many oscars did star wars films win	oos
what year was shawshank redemption released	oos
which marvel character has appeared in the most movies	oos
when's the next movie starring thor set to come out	oos
who was the first capcom character	oos
are any justice league movies coming out	oos
can you tell me something about the nfl	oos
please explain the catch rule to me	oos
is there overtime in college football	oos
when did the mls start	oos
what's the best price on super smash bros ultimate right now	oos
what is the highest earning game on atari	oos
when is the next nintendo direct	oos
when was nintendo created	oos
please find the capital of pakistan and its population	oos
how many people live in taiwan	oos
what are some of picasso's most famous works	oos
what are van gogh's best pieces	oos
where can i see art	oos
when did camus die	oos
how much money does radiohead earn a year	oos
who is radiohead	oos
what's the biggest saas marketing company in the united states	oos
how do i start my own marketing firm	oos
how can i get involved in restaurant marketing	oos
what is saas marketing	oos
what do you call someone who was born in segovia	oos
what is rhineland	oos
who is the scariest character in start trek	oos
who is the current captain of this ship	oos
what year was star trek released	oos
when was toyota created	oos
who are some notable alumni of ucsd	oos
what is the next football game	oos
how many students attend ucsb	oos
when do classes start	oos
how can i become an aerospace engineer	oos
what percentage of species display cold blooded traits	oos
what does it mean to be an alpha male	oos
what animals have alpha males	oos
why do males want to be alpha	oos
what's the average battery life of an android phone	oos
